Cleaning and Maintenance Machines,Laundry and Garment Care,Kitchen Appliances,Heating and Cooling,Home Comfort and Convenience,Entertainment and Information,Personal Care and Wellness
Motor Assembly,Wash Drum,Heating Element,Thermostat,Smart Thermostat,Display Panel,Motor
Suction Fan,Lint Filter,Control Knob,Heat Exchanger,Video Doorbell Camera,Speaker,Heating Element
Filter Cartridge,Water Inlet Valve,Thermostat,Blower Motor,Motion Sensor,HDMI Cable,Blade
Dust Bag,Drain Pump,Timer,Compressor,Contact Sensor (for doors and windows),USB Cable,Comb Attachment
Brush Roll,Agitator (for top-load washers),Oven Rack,Condenser Coil,Water Leak Detector,Ethernet Port,Trimmer Head
Belt Drive,Door Seal,Bake Element,Evaporator Coil,Smoke Detector,Wi-Fi Adapter,Foil Head
Power Cord,Door Latch,Broil Element,Air Filter,Carbon Monoxide Detector,Bluetooth Module,Charging Stand
On/Off Switch,Heating Element (for dryers and irons),Burner Cap,Fan Blade,Security Camera,Remote Control,Power Cord
Battery Pack,Thermostat,Burner Grate,Fan Motor,DVR (Digital Video Recorder),Power Supply Unit,Battery
Charging Port,Control Panel,Door Seal,Capacitor,NVR (Network Video Recorder),Motherboard,Brush Head
Wheel Assembly,Rotary Knobs,Door Handle,Ignition Module,Alarm Siren,CPU (Central Processing Unit),Handle
Water Tank,Start Button,Crisper Drawer,Flame Sensor,Keypad,GPU (Graphics Processing Unit),Switch
Solution Tank,Detergent Dispenser,Water Filter,Gas Valve,Control Panel,RAM (Random Access Memory),Control Panel
Recovery Tank,Fabric Softener Dispenser,Ice Maker Assembly,Pilot Light,Remote Control,SSD (Solid State Drive),LCD Display
Spray Nozzle,Bleach Dispenser,Freezer Basket,Pressure Switch,Smart Lock,HDD (Hard Disk Drive),Timer
Suction Hose,Drive Belt,Glass Shelf,Limit Switch,Smart Bulb,Optical Drive,Sensor
Extension Wand,Motor Coupler,Drip Pan,Control Board,Light Switch,Sound Card,Roller
Crevice Tool,Timer,Blender Jar,Relay,Dimmer Switch,Video Card,Massage Head
Upholstery Brush,Water Level Sensor,Blender Blade Assembly,Transformer,Outlet,Cooling Fan,Air Filter
Dusting Brush,Temperature Control Sensor,Blender Lid,Vent Motor,Smart Plug,Heat Sink,Water Tank
Hard Floor Tool,Steam Generator (for steam irons and steamers),Food Processor Bowl,Ductwork,Irrigation Controller,VR Headset,Nebulizer
Carpet Cleaner Head,Soleplate (for irons),Food Processor Blade,Vent Covers,Garage Door Opener,Joystick,Essential Oil Compartment
Microfiber Pad,Iron Rest,Dough Blade,Air Handler,Garage Door Sensor,Game Controller,Humidifier Wick
Steam Generator,Steam Vents,Coffee Carafe,Refrigerant Line,Thermostatic Radiator Valve,Keyboard,Dehumidifier Bucket
Heating Element,Spray Nozzle (for irons),Coffee Filter Basket,Expansion Valve,Electric Meter,Mouse,UV Lamp
Pressure Valve,Ironing Board Cover (for ironing boards),Kettle Filter,Drier Filter,Gas Meter,Webcam,Infrared Light
Control Panel,Ironing Board Pad,Toaster Crumb Tray,Sight Glass,Water Meter,Microphone,Pulse Oximeter Sensor
LED Display,Garment Hanger (for garment steamers),Turntable,Defrost Control,HVAC Damper,Headphones,TENS Unit Electrode Pads
Handle Grip,Steam Hose (for garment steamers),Plate Coupler,Humidistat,Air Quality Sensor,Earbuds,Blood Pressure Cuff
Pivot Joint,Overload Protector,Convection Fan,Dehumidistat,UV Air Purifier,Amplifier,Stethoscope Diaphragm
Water Filter,Exhaust Vent (for dryers),Range Hood Filter,Humidifier Pad,HEPA Filter,Mixer,Scale Platform
Air Filter,Condenser Unit (for condenser dryers),Dishwasher Rack,Humidifier Filter,Dehumidifier Coil,Turntable,Heart Rate Monitor Strap
Side Brushes,Moisture Sensor (for dryers),Silverware Basket,Dehumidifier Bucket,Humidifier Pad,CD Player,Pedometer
Mopping Attachment,Dryer Drum Roller,Spray Arm,Dehumidifier Coil,Water Heater Element,DVD Player,Resistance Band
Dirt Sensor,Drum Bearing,Drain Pump,Circulating Pump,Water Heater Thermostat,Blu-ray Player,Exercise Ball
Robotic Base Station,Drive Motor (for washers and dryers),Water Inlet Valve,Zone Valve,Anode Rod,Media Streaming Device,Yoga Mat
Edge Cleaning Brush,Pump Filter,Control Panel,Radiator,Dip Tube,Satellite Dish,Foam Roller
Turbo Brush,Suspension Springs (for washers),Power Cord,Baseboard Heater,Drain Valve,TV Antenna,Kettlebell Handle
Dust Compartment,Tub Dampening Strap (for washers),Indicator Light,Thermostatic Valve,Pressure Relief Valve,Projector,Dumbbell Weight
Seal Rings,Drain Hose,Pressure Cooker Seal,Heat Pump,Expansion Tank,Projector Screen,Barbell Bar
Foam Filter,Fill Hose,Fry Basket,Programmable Thermostat,Circulation Pump,Cable Box,Treadmill Belt
Cyclone Separator,Water Pressure Switch,Air Fryer Basket,Smart Thermostat,Boiler Control Board,Digital Video Recorder (DVR),Treadmill Motor
Blower Port,Thermal Fuse (for dryers),Mixing Paddle,UV Light,Radiant Floor Heating Mat,Network Attached Storage (NAS),Elliptical Pedal
Cord Rewind Button,Idler Pulley (for dryers),Bread Pan,Air Purifier Filter,Smart Sprinkler System,Router,Stationary Bike Seat
Motor Protector,Iron Water Tank,Kneading Blade,HEPA Filter,Soil Moisture Sensor,Switch,Rowing Machine Seat Roller
Exhaust Filter,Anti-Scale Cartridge (for irons and steamers),Juicer Cover,Carbon Filter,Rain Sensor,Modem,Jump Rope Handle
Flexible Hose,Clothes Brush (for garment steamers),Juicer Auger,Plenum,Wind Sensor,Firewall,Hand Grip
Telescopic Tube,Telescopic Pole (for garment steamers),Citrus Press Cone,Draft Inducer Motor,Sunlight Sensor,Patch Panel,Ear Thermometer Probe Cover
Floor Nozzle,Base Stand (for garment steamers and ironing boards),Spice Grinder Bowl,Flue Pipe,Window Blinds Motor,Signal Booster,Inhaler Mouthpiece
Water Pump,Cord Reel (for irons and steamers),Meat Grinder Plate,Chimney Liner,Curtain Controller,AV Receiver,CPAP Mask
Squeegee,Vibration Dampening Pads (for washers and dryers),Cutting Disc,Cooling Tower,Projector Lift,Subwoofer,CPAP Hose
Detergent Dispenser,Anti-Vibration Mat,Spiralizer Attachment,Air Scoop,TV Lift,Soundbar,Oxygen Concentrator Filter
Steam Control Valve,Drum Light (for washers and dryers),Pasta Roller,Air Separator,Media Player,Portable Speaker,Nebulizer Mouthpiece
Water Level Indicator,Drum Paddle (or Lifter),Drying Rack,Condensate Pump,Wireless Router,Smart Speaker,Acupuncture Needle
Steam Hose,Coin Trap (in washers for catching small objects),Oven Thermometer,Condensate Drain Pan,Network Switch,eBook Reader,Sauna Heater Stone
Cooling Fan,PCB (Printed Circuit Board) for Electronic Control,Range Surface Element,Condensate Drain Line,Ethernet Cable,Tablet,Hot Tub Jet
Battery Indicator,User Interface Board,Electric Coil,Freon,Coaxial Cable,Smartphone,Nail Lamp Bulb
Remote Control,Door Interlock Switch,Flame Spreader,Purge Valve,Fiber Optic Cable,Laptop,Wax Heating Pot
Smart Dock,Fabric Steamer Glove (for protection in garment steamers),Gas Burner,Reversing Valve,Power Supply,Desktop Computer,Facial Steamer Nozzle
Navigation System,De-wrinkling Tool (for garment steamers),Spark Ignition Switch,Solenoid Valve,Battery Backup,Gaming Console,Microdermabrasion Tip
Cleaning Solution Concentrate,Lint Roller,Ventilation Motor,Thermostat Wire,Surge Protector,VR Controller,Makeup Brush
Carpet Glide Attachment,Washer Magic Cleaning Solution,Charcoal Filter,Fuse,Electric Fireplace Heater,Racing Wheel,Eyelash Curler Pad
Stain Trapper Tool,Dryer Sheets,Grease Filter,Disconnect Switch,Fireplace Remote Control,Flight Stick,Beard Brush
Pre-Treater Wand,Washer Anti-Odor Tablets,Motor Coupling,Circuit Breaker,Thermostat Wire,Drum Pad,Hair Clip
Hard Water Filter,Shock Absorbers (for washers),Drive Belt,Electrical Contactor,Door Closer,MIDI Keyboard,Hairband
Grout Brush,Leveling Legs (for washers and dryers),Blender Gasket,Evaporative Pad,Smart Pet Door,Digital Camera,Shower Filter
Window Cleaner Squeegee,Stacking Kit (for washer and dryer sets),Dispenser Lever,Mister Nozzle,Pet Feeder,Action Camera,Bath Bomb
Pet Hair Collector,Laundry Pedestal (to raise height of washer or dryer),Ice Bucket,Cooling Pad,Aquarium Controller,Drone,Exfoliating Glove
Odor Eliminating Filter,Iron Descaler Solution,Water Dispenser Actuator,Ice Bank,Pool Pump,Battery Pack,Body Scrub Jar
Anti-Allergen Filter,Heat Reflective Ironing Board Cover,Evaporator Fan Motor,Hydronic Coil,Pool Filter,Power Adapter,Massage Oil Bottle
Motor Brushes,Sewing Kit (for minor garment repairs),Condenser Coil,Mixing Valve,Pool Heater,Charging Dock,Aromatherapy Diffuser Pad
Capacitor,Emergency Stain Remover Pen,Refrigerator Door Bin,Radiant Floor Heating System,Spa Controller,Memory Card,Foot Spa Heater
Speed Controller,Water Softener (for homes with hard water),Egg Tray,Heat Detector,Hot Tub Jet Pump,SIM Card,Foot Roller
Thermal Protector,Energy Regulator (for irons and steamers),Bottle Rack,VAV Box (Variable Air Volume),Sauna Heater,Screen Protector,Callus Remover Roller
Charging Indicator,Safety Cap (for steam irons),Vegetable Lid,Damper,Sauna Control Panel,Case (for devices),Electric Blanket Controller
Battery Door,Garment Steamer Nozzle Brush,Oven Light Bulb,Louver,Central Vacuum System,"Stand (for tablets, smartphones)",Heating Pad Switch
Main Control Board,Quick Release Cord Wrap (for irons and steamers),Magnetron,Air Duct,Vacuum Hose,"Wall Mount (for TVs, monitors)",Ice Pack
LED Headlights,Soleplate Cleaning Kit (for irons),High Voltage Capacitor,Return Air Grille,Vacuum Dustbin,Graphics Tablet,Cold Therapy Wrap
Dusting Pad,Iron Carry Case,Door Switch,Supply Air Grille,Intercom System,Pen for Graphics Tablet,Orthopedic Insole
Polishing Pad,Wool Pressing Mat (for ironing),Thermal Fuse,Diffuser,Mailbox Sensor,Monitor,Compression Sock
Disposable Bags,Steam Press Stand,Cutlery Holder,Register,Driveway Alarm,Smartwatch,Blood Glucose Test Strip
Microfiber Roller,Protective Ironing Scorch-Saving Mesh,Rinse Aid Dispenser,Swamp Cooler,Outdoor Lighting Controller,Fitness Tracker,Insulin Pen Needle
Scrubbing Brush,Ironing Cloth,Heating Coil,Tower Fan,Landscape Light,GPS Navigator,Pill Organizer
Soft Roller Cleaner Head,Dryer Vent Brush,Rotary Dial,Bladeless Fan,Pond Pump,Car Charger,Medicine Dropper
Direct Drive Cleaner Head,Washer Drum Cleaning Brush,LCD Display,Portable Heater,Fountain Nozzle,Dash Cam,First Aid Kit Box
Mini Motorized Tool,Magnetic Dryer Vent Coupling,Circuit Board,Oil Burner,Weather Station,Portable DVD Player,Stretcher
Soft Dusting Brush,Ironing Board Hanger and Organizer,Temperature Probe,Kerosene Heater,Thermostatic Shower Valve,Portable Gaming System,Crutch Pad
Docking Station,Garment Steamer Board (for a flat surface on steamers),Silicone Gasket,Infrared Heater,Electronic Bidet Seat,Light Ring (for video recording/streaming),Wheelchair Wheel
Adjustable Handle,Laundry Sorter,Float Switch,Thermal Cut-off,Smart Mirror,Green Screen,Hearing Aid Battery
Wet Mopping Pad,Dryer Balls (to improve air flow in the dryer),Overload Protector,Wick,Bathroom Fan,Streaming Microphone,Denture Cleaner Tablet
Dry Sweeping Pad,Static Cling Remover Spray,Capacitor,Oscillation Motor,Fan Speed Controller,Podcasting Kit,Contact Lens Case
Water Hardness Test Strip,Folding Laundry Hamper,Push Button,Remote Control,Air Vent,VR Treadmill,Eyeglasses Screw
Fragrance Disc,Garment Bag (for delicate items in washers),Toggle Switch,Timer,Floor Register,Haptic Feedback Suit,Sunglasses Lens
Car Cleaning Kit,Washer Fan (for odor and moisture control),Rocker Switch,Fan Speed Controller,Radiator Cover,AR Glasses,Face Mask Filter
Mattress Tool,Dryer Repair Kit (includes several maintenance parts),Vacuum Sealer Bag Cutter,Digital Display,Electric Blanket,Drone Remote Control,Sleep Mask Strap
Radiator Brush,Sump Hose (for washers),Sealing Ring,Air Quality Sensor,Bed Warmer,Memory Card Reader,Meditation Cushion
Dust Bin,Appliance Touch-Up Paint,Ice Cream Maker Bowl,Smoke Eliminator,Smart Window Film,USB Hub,Yoga Block
Foam Sleeve,Washer Tub Seal,Churn Blade,Moisture Absorber,Photocell Sensor,External Hard Drive,Pilates Ring
Cartridge Filter Retainer,Laundry Detergent Cup Holder and Drain,Maker Lid,Weather Seal,Occupancy Sensor,Digital Audio Recorder,Fitness Tracker Band
Floor Buffer Pad,Adjustable Clothes Rack (for drying or hanging garments),Sous Vide Circulator,Insulation Blanket,Voice Assistant Device,Voice Recorder,Smart Scale